badurl,goodurl
https://genius.com/Lil-jon-the-east-side-boyz-play-no-games-lyrics,https://genius.com/Lil-jon-and-the-east-side-boyz-play-no-games-lyrics
https://genius.com/Lil-jon-the-east-side-boyz-get-low-lyrics,https://genius.com/Lil-jon-and-the-east-side-boyz-get-low-lyrics
https://genius.com/Jay-z-03-bonnie-clyde-lyrics,https://genius.com/Jay-z-03-bonnie-and-clyde-lyrics
https://genius.com/Various-artists-x-gon-give-it-to-ya-lyrics,https://genius.com/Dmx-x-gon-give-it-to-ya-lyrics
https://genius.com/Obie-trice-the-set-up-you-dont-know-lyrics,https://genius.com/Obie-trice-the-setup-you-dont-know-lyrics
https://genius.com/Srgio-mendes-mas-que-nada-lyrics,https://genius.com/Sergio-mendes-mas-que-nada-lyrics
https://genius.com/Camron-getem-daddy-remix-lyrics,https://genius.com/Camron-get-em-daddy-remix-lyrics
https://genius.com/Shady-records-you-dont-know-lyrics,https://genius.com/Eminem-you-dont-know-lyrics
https://genius.com/Shady-records-jimmy-crack-corn-lyrics,https://genius.com/Eminem-jimmy-crack-corn-lyrics
https://genius.com/Shady-records-smack-that-remix-lyrics,https://genius.com/Akon-smack-that-remix-lyrics
https://genius.com/Shady-records-shake-that-remix-lyrics,https://genius.com/Nate-dogg-shake-that-remix-lyrics
https://genius.com/Kay-one-style-das-geld-lyrics,https://genius.com/Kay-one-style-and-das-geld-lyrics
https://genius.com/Nas-damian-marley-as-we-enter-lyrics,https://genius.com/Nas-and-damian-marley-as-we-enter-lyrics
https://genius.com/Lil-jon-shots-lyrics,https://genius.com/Lmfao-shots-lyrics
https://genius.com/Travis-mccoy-billionaire-lyrics,https://genius.com/Travie-mccoy-billionaire-lyrics
https://genius.com/Travis-mccoy-need-you-lyrics,https://genius.com/Travie-mccoy-need-you-lyrics
https://genius.com/Travis-mccoy-well-be-alright-lyrics,https://genius.com/Travie-mccoy-well-be-alright-lyrics
https://genius.com/Bun-b-dj-michael-5000-watts-trillionaire-lyrics,https://genius.com/Bun-b-trillionaire-lyrics
https://genius.com/Bun-b-dj-michael-5000-watts-countin-money-lyrics,https://genius.com/Bun-b-countin-money-lyrics
https://genius.com/Twista-i-do-lyrics,https://genius.com/Twista-i-do-lyrics
https://genius.com/Chiddy-bang-rescue-me-lyrics,https://genius.com/You-me-at-six-and-chiddy-bang-rescue-me-lyrics
https://genius.com/Lecrae-confeions-lyrics,https://genius.com/Lecrae-confe-ions-lyrics
https://genius.com/Lupe-fiasco-battle-scars-lyrics,https://genius.com/Guy-sebastian-battle-scars-lyrics
https://genius.com/Maybach-music-group-levels-lyrics,https://genius.com/Meek-mill-levels-lyrics
https://genius.com/Maybach-music-group-poor-decisions-lyrics,https://genius.com/Wale-poor-decisions-lyrics
https://genius.com/Snoopzilla-dm-funk-hit-da-pavement-lyrics,https://genius.com/7-days-of-funk-hit-da-pavement-lyrics
https://genius.com/Snoopzilla-dm-funk-faden-away-lyrics,https://genius.com/7-days-of-funk-faden-away-lyrics
https://genius.com/Young-money-we-alright-lyrics,https://genius.com/Euro-we-alright-lyrics
https://genius.com/Young-money-trophies-lyrics,https://genius.com/Drake-trophies-lyrics
https://genius.com/Young-money-lookin-ass-lyrics,https://genius.com/Nicki-minaj-lookin-ass-lookin-ass-nigga-lyrics
https://genius.com/Jhen-aiko-to-love-die-lyrics,https://genius.com/Jhene-aiko-to-love-die-lyrics
https://genius.com/Jhen-aiko-spotless-mind-lyrics,https://genius.com/Jhene-aiko-spotless-mind-lyrics
https://genius.com/Jhen-aiko-the-pressure-lyrics,https://genius.com/Jhene-aiko-the-pressure-lyrics
https://genius.com/Shady-records-guts-over-fear-lyrics,https://genius.com/Eminem-guts-over-fear-lyrics
https://genius.com/Shady-records-detroit-vs-everybody-lyrics,https://genius.com/Eminem-detroit-vs-everybody-lyrics
https://genius.com/Chris-brown-tyga-ayo-lyrics,https://genius.com/Chris-brown-and-tyga-ayo-lyrics
https://genius.com/Chris-brown-tyga-bitches-n-marijuana-lyrics,https://genius.com/Chris-brown-and-tyga-bitches-n-marijuana-lyrics
https://genius.com/Macklemore-ryan-lewis-downtown-lyrics,https://genius.com/Macklemore-and-ryan-lewis-downtown-lyrics
https://genius.com/Macklemore-ryan-lewis-brad-pitts-cousin-lyrics,https://genius.com/Macklemore-and-ryan-lewis-brad-pitts-cousin-lyrics
https://genius.com/Macklemore-ryan-lewis-dance-off-lyrics,https://genius.com/Macklemore-and-ryan-lewis-dance-off-lyrics
https://genius.com/Macklemore-ryan-lewis-white-privilege-ii-lyrics,https://genius.com/Macklemore-and-ryan-lewis-white-privilege-ii-lyrics
https://genius.com/Ti-big-things-poppin-do-it-lyrics,https://genius.com/Ti-big-things-poppin-radio-edit-lyrics
https://genius.com/Kid-cudi-day-n-nite-lyrics,https://genius.com/Kid-cudi-day-n-nite-nightmare-lyrics
https://genius.com/Jay-z-otis-lyrics,https://genius.com/Jay-z-and-kanye-west-otis-lyrics
https://genius.com/Jay-z-niggas-in-paris-lyrics,https://genius.com/Jay-z-and-kanye-west-niggas-in-paris-lyrics
https://genius.com/Snoop-dogg-young-wild-free-lyrics,https://genius.com/Snoop-dogg-and-wiz-khalifa-young-wild-and-free-lyrics
